"userID";"min(lastModified)";"max(lastModified)"
"715904";"2016-02-05 16:13:18";"2018-07-18 17:15:29"
"883157";"2016-01-25 10:35:13";"2018-07-19 10:13:11"
"983836";"2016-01-18 08:56:50";"2018-06-09 18:20:22"
"1045749";"2016-04-06 14:23:32";"2018-06-07 19:14:23"
"1050097";"2016-08-05 07:36:09";"2018-07-16 19:56:33"
"1120939";"2016-01-13 10:44:26";"2018-07-16 10:38:00"
"1136026";"2016-04-17 15:04:28";"2018-07-12 14:00:06"
"1137872";"2016-01-05 10:08:14";"2018-07-19 10:44:24"
"1177588";"2016-03-30 15:17:57";"2018-06-28 17:44:54"
"1179818";"2016-02-05 15:42:46";"2018-06-28 07:42:45"
"1208584";"2017-12-15 12:33:02";"2018-06-08 17:04:44"
"1212104";"2016-02-26 12:44:14";"2018-06-05 09:48:05"
"1224881";"2016-09-27 10:21:22";"2018-06-21 14:19:28"
"1224925";"2016-09-08 09:49:49";"2018-07-03 17:34:26"
"1238910";"2017-07-13 09:04:48";"2018-06-01 09:24:13"
"1239170";"2016-01-21 13:33:49";"2018-07-19 10:21:04"
"1262638";"2016-01-12 20:16:03";"2018-06-15 19:19:04"
"1265098";"2016-10-21 11:10:42";"2018-06-20 09:34:00"
"1271483";"2016-01-07 13:07:02";"2018-06-26 08:07:41"
"1301678";"2017-05-18 20:27:43";"2018-06-08 19:41:42"
"1307058";"2016-08-10 10:32:18";"2018-06-26 22:08:00"
"1309522";"2016-11-28 15:35:39";"2018-06-29 12:24:53"
"1313388";"2016-07-13 13:29:32";"2018-07-03 15:03:04"
"1326034";"2016-01-08 13:37:13";"2018-06-27 17:20:35"
"1328376";"2016-02-15 17:06:22";"2018-06-26 19:58:25"
"1333053";"2016-09-11 20:45:44";"2018-06-02 21:13:33"
"1334473";"2016-01-02 11:20:20";"2018-07-18 07:37:01"
"1375668";"2016-05-26 07:37:08";"2018-06-28 09:42:47"
"1376212";"2016-01-30 18:19:58";"2018-06-13 12:01:46"
"1384499";"2016-08-19 13:46:21";"2018-07-10 16:18:26"
"1402100";"2016-01-04 13:35:53";"2018-07-13 11:48:21"
"1408576";"2016-01-05 22:47:10";"2018-07-15 20:52:34"
"1417082";"2016-01-21 12:18:57";"2018-07-05 17:40:07"
"1435003";"2016-10-10 20:50:19";"2018-07-15 15:48:28"
"1464013";"2016-04-29 20:59:08";"2018-07-12 21:46:44"
"1468145";"2016-01-24 12:26:03";"2018-07-04 12:28:50"
"1469368";"2016-01-08 10:47:50";"2018-07-19 07:54:44"
"1469934";"2016-10-18 13:47:57";"2018-07-17 11:00:34"
"1491241";"2016-05-18 08:07:09";"2018-07-13 10:13:08"
"1493504";"2016-05-12 19:16:36";"2018-06-26 16:21:27"
"1495559";"2016-08-07 19:12:39";"2018-07-13 18:37:39"
"1507731";"2016-02-02 15:46:13";"2018-07-10 08:35:49"
"1508736";"2016-04-04 06:48:31";"2018-06-18 13:02:19"
"1526998";"2016-02-03 09:25:25";"2018-07-18 10:10:46"
"1528112";"2016-05-02 13:12:07";"2018-07-18 16:06:16"
"1529905";"2016-01-04 10:04:27";"2018-07-19 12:33:34"
"1568213";"2017-03-07 18:41:14";"2018-07-12 18:03:40"
"1575499";"2017-04-19 10:14:37";"2018-07-02 16:27:18"
"1583866";"2016-12-31 11:36:36";"2018-07-15 20:03:19"
"1584267";"2016-07-23 08:36:15";"2018-07-12 13:38:12"
"1585290";"2016-02-26 12:44:40";"2018-06-12 08:38:20"
"1585480";"2016-04-04 17:14:48";"2018-06-08 11:50:15"
"1586331";"2016-07-20 17:52:30";"2018-06-23 16:36:39"
"1595829";"2016-08-19 16:57:41";"2018-07-03 13:42:17"
"1596648";"2016-01-27 12:21:56";"2018-06-27 07:45:02"
"1598598";"2016-04-01 12:13:31";"2018-06-06 12:57:04"
"1600258";"2016-01-17 19:50:14";"2018-07-14 19:17:22"
"1609697";"2016-04-19 08:28:44";"2018-06-21 13:00:17"
"1626951";"2016-05-25 13:53:36";"2018-06-03 16:12:51"
"1628441";"2016-10-21 12:13:57";"2018-07-02 18:29:44"
"1638905";"2016-01-04 14:04:15";"2018-07-02 15:53:19"
"1642034";"2016-04-28 15:06:48";"2018-07-18 16:17:25"
"1657201";"2016-02-01 15:22:44";"2018-06-27 10:35:25"
"1659721";"2016-04-12 14:16:30";"2018-07-02 12:32:33"
"1662969";"2016-02-16 13:25:43";"2018-06-11 11:22:04"
"1670656";"2016-05-31 09:34:25";"2018-06-11 10:32:49"
"1671941";"2016-03-14 13:12:09";"2018-07-02 14:13:15"
"1675813";"2016-08-28 18:43:37";"2018-07-07 07:16:22"
"1677480";"2016-02-15 09:36:48";"2018-06-28 09:43:48"
"1690469";"2016-05-03 09:56:56";"2018-07-16 10:59:29"
"1690723";"2016-01-14 12:42:56";"2018-07-13 15:25:06"
"1697089";"2016-03-09 12:40:22";"2018-06-25 12:40:43"
"1701015";"2016-01-15 08:35:24";"2018-07-03 11:25:05"
"1703407";"2016-01-16 16:56:49";"2018-06-13 10:11:38"
"1705515";"2016-04-28 08:25:03";"2018-07-08 08:53:52"
"1707981";"2016-05-05 13:39:13";"2018-06-18 13:32:31"
"1712656";"2016-01-24 23:30:05";"2018-06-11 20:32:54"
"1713471";"2016-06-16 23:47:02";"2018-07-10 21:34:12"
"1715515";"2016-01-27 08:44:20";"2018-07-12 19:58:07"
"1722941";"2016-01-31 20:12:12";"2018-06-29 18:01:54"
"1723699";"2016-06-27 10:05:04";"2018-06-25 10:25:31"
"1727531";"2017-01-17 16:29:44";"2018-07-16 10:11:27"
"1727574";"2016-02-16 12:54:52";"2018-06-19 14:27:02"
"1746161";"2016-02-18 16:36:49";"2018-07-10 11:35:20"
"1751193";"2016-02-22 19:41:07";"2018-07-11 21:12:58"
"1773298";"2016-03-05 15:41:38";"2018-07-13 10:21:05"
"1778044";"2016-03-07 13:35:29";"2018-06-29 03:10:19"
"1780149";"2016-11-28 15:20:59";"2018-06-20 10:45:05"
"1781981";"2016-03-09 16:07:34";"2018-06-21 07:53:42"
"1782799";"2016-03-10 10:56:20";"2018-06-27 12:57:10"
"1787228";"2016-03-13 21:45:34";"2018-06-19 07:30:28"
"1788802";"2016-04-10 09:23:46";"2018-06-09 13:23:48"
"1790647";"2016-03-16 22:21:05";"2018-07-09 22:04:25"
"1790984";"2016-03-17 11:59:20";"2018-06-19 08:41:53"
"1791294";"2016-04-28 20:55:31";"2018-07-05 21:07:00"
"1791768";"2016-03-18 11:44:19";"2018-07-12 11:34:13"
"1792209";"2016-04-24 13:19:10";"2018-07-10 16:17:46"
"1795135";"2016-03-21 19:42:05";"2018-07-17 17:28:08"
"1796654";"2016-03-23 14:14:14";"2018-07-02 12:26:14"
"1800531";"2016-03-29 01:55:16";"2018-07-11 21:14:51"
"1800882";"2016-04-06 11:15:10";"2018-07-17 11:12:29"
"1806020";"2016-04-02 11:09:52";"2018-07-11 20:56:29"
"1812082";"2016-04-08 11:13:17";"2018-07-02 13:31:52"
"1812263";"2016-04-08 13:49:16";"2018-07-12 12:36:35"
"1817073";"2016-04-11 20:35:39";"2018-07-19 10:46:21"
"1817081";"2016-04-11 20:45:58";"2018-07-11 18:30:53"
"1824598";"2016-04-22 09:27:37";"2018-07-18 10:06:53"
"1825368";"2016-04-21 13:17:21";"2018-06-22 14:01:20"
"1825435";"2016-04-21 13:14:08";"2018-07-19 13:19:14"
"1825537";"2016-11-09 10:12:08";"2018-07-02 13:05:22"
"1828037";"2016-04-25 08:24:04";"2018-06-01 09:49:10"
"1831048";"2016-04-27 17:57:36";"2018-07-19 04:50:29"
"1836197";"2016-05-03 14:58:35";"2018-07-03 10:40:06"
"1837205";"2016-05-04 13:35:34";"2018-06-04 14:58:39"
"1837403";"2016-05-04 13:27:30";"2018-07-17 08:12:13"
"1840062";"2016-05-06 06:27:51";"2018-06-19 10:58:20"
"1851102";"2016-05-13 08:37:18";"2018-07-18 06:43:51"
"1853734";"2016-05-15 10:48:23";"2018-07-07 07:58:34"
"1858255";"2016-05-18 16:01:53";"2018-06-21 14:05:46"
"1862892";"2016-05-23 09:23:08";"2018-07-09 12:12:08"
"1864921";"2016-12-23 16:59:43";"2018-06-19 18:32:25"
"1870434";"2016-05-31 10:13:09";"2018-07-11 12:53:10"
"1872456";"2016-06-02 16:19:52";"2018-07-15 13:26:42"
"1882146";"2016-06-15 12:53:09";"2018-07-19 14:46:59"
"1888017";"2016-06-21 12:26:43";"2018-06-20 09:35:16"
"1896140";"2016-06-29 17:34:13";"2018-07-18 21:23:10"
"1896503";"2016-06-30 06:10:47";"2018-06-15 12:38:52"
"1899689";"2017-01-04 16:51:43";"2018-06-05 18:43:45"
"1905670";"2016-07-08 05:51:36";"2018-06-28 23:18:01"
"1917527";"2016-07-14 12:23:48";"2018-07-18 12:20:33"
"1921096";"2016-07-17 17:44:15";"2018-06-10 18:52:08"
"1925287";"2016-07-21 11:48:46";"2018-07-18 14:23:10"
"1925637";"2016-08-03 21:45:16";"2018-07-18 16:36:48"
"1927728";"2016-07-24 18:45:48";"2018-07-16 19:41:41"
"1927889";"2016-07-24 22:45:05";"2018-07-18 12:18:58"
"1928414";"2016-07-25 14:44:22";"2018-07-18 13:27:04"
"1929160";"2016-08-09 21:44:39";"2018-06-18 02:35:14"
"1930176";"2016-07-31 20:05:04";"2018-07-19 08:24:04"
"1934602";"2016-08-01 16:50:29";"2018-07-17 13:34:30"
"1935099";"2017-01-26 12:48:56";"2018-07-19 14:03:29"
"1937777";"2016-08-28 09:18:10";"2018-07-19 13:39:11"
"1945943";"2016-08-10 10:53:46";"2018-07-17 09:53:53"
"1946383";"2016-12-25 12:53:15";"2018-06-16 09:19:02"
"1949791";"2016-10-17 16:50:25";"2018-06-18 10:16:59"
"1950161";"2016-08-15 08:48:16";"2018-06-20 09:27:56"
"1950357";"2016-09-05 11:47:35";"2018-07-09 09:40:46"
"1953509";"2016-08-19 07:11:40";"2018-06-20 08:58:51"
"1958313";"2016-08-22 07:43:40";"2018-06-11 14:13:17"
"1958734";"2016-08-22 12:58:21";"2018-06-11 10:06:35"
"1959807";"2016-08-23 10:45:07";"2018-07-13 09:20:21"
"1960731";"2016-08-24 08:32:19";"2018-06-20 09:40:16"
"1962739";"2016-08-26 14:14:57";"2018-06-11 22:01:20"
"1965378";"2016-08-30 00:41:31";"2018-07-16 14:49:29"
"1966609";"2016-11-16 09:31:16";"2018-07-18 21:37:15"
"1966856";"2017-12-12 23:28:30";"2018-07-08 23:53:35"
"1968273";"2016-09-01 19:22:20";"2018-06-29 12:37:09"
"1968832";"2016-09-02 16:02:36";"2018-07-03 08:19:36"
"1968885";"2016-09-02 17:50:58";"2018-06-21 19:19:22"
"1974021";"2016-09-08 12:32:06";"2018-07-03 09:50:30"
"1974263";"2016-12-30 17:09:59";"2018-07-15 20:47:27"
"1974436";"2016-09-08 21:47:30";"2018-06-21 13:58:57"
"1974781";"2017-01-26 12:41:23";"2018-06-11 22:00:03"
"1975158";"2016-12-08 20:05:59";"2018-07-18 20:57:14"
"1976582";"2016-09-18 21:39:53";"2018-07-18 08:35:18"
"1976763";"2016-09-12 09:00:20";"2018-06-26 11:48:00"
"1976974";"2016-09-12 13:04:44";"2018-06-28 14:03:56"
"1977058";"2016-09-12 14:34:26";"2018-07-16 12:02:42"
"1978389";"2016-09-13 18:02:04";"2018-07-12 18:09:16"
"1980175";"2016-09-16 11:45:39";"2018-06-12 15:26:01"
"1982533";"2016-09-19 13:14:35";"2018-07-12 08:26:46"
"1983060";"2016-09-20 18:22:55";"2018-06-28 15:37:48"
"1983152";"2017-11-19 16:17:11";"2018-06-20 13:57:00"
"1984140";"2017-05-31 23:05:14";"2018-07-13 23:43:45"
"1988280";"2016-09-27 09:46:30";"2018-07-14 20:28:50"
"1993375";"2017-10-26 21:45:38";"2018-06-14 16:13:07"
"1996253";"2017-05-09 19:20:20";"2018-07-03 19:43:22"
"1996258";"2017-02-02 19:36:29";"2018-07-11 17:31:24"
"1996854";"2016-10-04 12:55:59";"2018-07-09 14:40:52"
"1999407";"2016-10-07 20:16:57";"2018-06-30 21:21:40"
"1999808";"2016-10-08 13:49:40";"2018-06-12 23:11:39"
"1999992";"2016-10-08 18:06:56";"2018-07-06 17:13:24"
"2013114";"2016-10-27 13:14:05";"2018-06-06 11:47:13"
"2018272";"2016-10-20 20:24:49";"2018-07-11 21:36:46"
"2019110";"2016-10-21 10:37:16";"2018-06-21 10:32:11"
"2019832";"2016-10-21 17:10:44";"2018-07-12 15:21:04"
"2021905";"2016-10-22 17:22:12";"2018-06-28 20:40:30"
"2028051";"2016-11-15 14:14:48";"2018-06-20 09:14:54"
"2035310";"2016-11-06 16:38:29";"2018-06-06 15:17:18"
"2036130";"2016-10-29 15:08:18";"2018-07-14 11:14:29"
"2038484";"2016-10-31 12:15:01";"2018-06-12 23:10:17"
"2038722";"2016-11-29 09:41:15";"2018-07-01 21:52:28"
"2042470";"2018-02-20 09:10:00";"2018-07-02 16:07:21"
"2043505";"2016-11-04 15:28:43";"2018-07-06 23:22:43"
"2046718";"2016-11-07 15:03:05";"2018-06-15 12:40:57"
"2046763";"2016-11-07 16:03:14";"2018-06-07 16:28:11"
"2049681";"2016-11-24 11:25:31";"2018-06-28 22:32:49"
"2053723";"2016-12-01 15:20:12";"2018-06-26 23:24:56"
"2054242";"2016-11-17 14:35:45";"2018-06-24 18:17:26"
"2055328";"2016-11-15 13:11:25";"2018-07-10 15:29:49"
"2055639";"2017-01-05 18:31:07";"2018-06-28 18:06:26"
"2056527";"2016-12-09 08:30:55";"2018-06-29 14:35:23"
"2056560";"2017-01-23 10:16:13";"2018-07-18 13:12:47"
"2056573";"2016-11-16 13:48:53";"2018-06-05 10:26:05"
"2057759";"2016-11-17 15:33:45";"2018-06-28 12:04:04"
"2057919";"2016-11-24 10:11:36";"2018-07-02 13:41:34"
"2058234";"2016-11-18 07:56:52";"2018-07-18 14:09:16"
"2058507";"2017-12-25 19:57:28";"2018-06-28 14:04:08"
"2066946";"2016-11-27 08:46:46";"2018-07-08 22:15:31"
"2069097";"2018-01-12 13:44:39";"2018-07-13 13:18:33"
"2070074";"2016-12-05 10:55:11";"2018-07-18 12:00:52"
"2070156";"2016-11-30 13:17:15";"2018-07-19 14:17:40"
"2075714";"2016-12-06 09:21:36";"2018-06-05 08:30:04"
"2075924";"2017-01-05 02:01:32";"2018-06-08 18:56:14"
"2076885";"2016-12-07 15:43:29";"2018-07-08 15:28:02"
"2076957";"2017-01-22 11:41:52";"2018-06-06 19:59:55"
"2077463";"2016-12-08 09:40:25";"2018-06-22 15:32:10"
"2077717";"2017-08-02 13:00:12";"2018-06-28 09:22:02"
"2078050";"2016-12-08 19:09:19";"2018-07-09 19:18:25"
"2078802";"2016-12-09 16:01:43";"2018-06-21 05:00:07"
"2084931";"2016-12-14 11:08:03";"2018-06-18 15:55:06"
"2085187";"2016-12-14 15:40:45";"2018-06-19 14:55:42"
"2092367";"2017-10-24 17:18:51";"2018-07-13 17:58:23"
"2093789";"2017-01-23 11:52:06";"2018-06-11 11:14:29"
"2095241";"2017-02-16 10:31:59";"2018-06-21 11:29:25"
"2095355";"2016-12-22 14:53:43";"2018-06-01 16:01:24"
"2095907";"2016-12-22 19:38:06";"2018-06-25 17:01:07"
"2102964";"2016-12-27 14:43:24";"2018-07-14 00:31:43"
"2109094";"2017-02-10 19:57:20";"2018-07-07 09:24:19"
"2110475";"2017-01-02 10:06:25";"2018-07-11 08:19:14"
"2110634";"2017-01-02 12:10:04";"2018-07-10 00:37:00"
"2110742";"2017-04-04 15:37:03";"2018-06-21 15:58:16"
"2111264";"2017-01-02 21:50:25";"2018-07-03 10:27:46"
"2111866";"2017-01-03 10:02:03";"2018-06-21 08:26:06"
"2114915";"2017-01-05 14:27:46";"2018-06-28 15:28:21"
"2115118";"2017-07-22 10:58:56";"2018-06-28 10:43:20"
"2117580";"2017-01-08 00:32:19";"2018-07-17 23:49:07"
"2121179";"2017-01-26 19:08:22";"2018-06-07 16:01:31"
"2122086";"2017-01-11 15:37:43";"2018-06-24 16:57:59"
"2123128";"2017-01-17 08:35:22";"2018-07-18 09:21:06"
"2131800";"2018-01-18 13:35:44";"2018-07-14 08:09:49"
"2133519";"2017-01-19 14:09:01";"2018-07-19 15:01:40"
"2133699";"2017-01-19 15:59:09";"2018-06-29 19:18:33"
"2135995";"2017-01-21 16:45:19";"2018-06-28 09:24:41"
"2139152";"2017-01-23 08:30:52";"2018-07-16 13:11:08"
"2141419";"2017-01-24 15:19:19";"2018-06-20 08:57:32"
"2141908";"2017-01-29 16:28:22";"2018-06-03 13:56:20"
"2142321";"2017-01-24 23:11:13";"2018-07-19 10:50:33"
"2142666";"2017-03-13 14:46:25";"2018-07-16 08:29:46"
"2142842";"2017-01-25 12:09:47";"2018-06-04 13:29:14"
"2143225";"2017-01-25 16:08:17";"2018-07-12 15:37:15"
"2144535";"2017-01-26 13:32:47";"2018-06-20 08:47:18"
"2144727";"2017-10-24 11:12:53";"2018-06-20 08:44:43"
"2144783";"2017-01-26 15:25:49";"2018-07-15 08:51:49"
"2145687";"2018-03-07 08:18:12";"2018-06-27 08:04:22"
"2146310";"2017-03-02 16:01:01";"2018-06-07 15:15:33"
"2148466";"2017-01-28 22:11:47";"2018-07-16 18:22:13"
"2151213";"2017-06-10 17:45:55";"2018-07-06 19:23:06"
"2151422";"2017-01-30 17:25:08";"2018-07-14 09:13:12"
"2151498";"2017-02-14 20:59:37";"2018-07-10 20:46:57"
"2153104";"2017-01-31 14:46:11";"2018-07-02 11:29:44"
"2154766";"2017-03-08 08:15:08";"2018-06-15 14:42:07"
"2155715";"2017-02-02 12:23:24";"2018-07-12 08:32:43"
"2162318";"2017-02-06 15:57:40";"2018-06-14 15:56:44"
"2163299";"2017-02-07 10:07:57";"2018-06-01 15:07:48"
"2164554";"2017-02-08 09:57:22";"2018-06-11 10:22:55"
"2164667";"2017-03-28 12:48:31";"2018-06-20 15:22:59"
"2164940";"2017-02-08 14:54:13";"2018-06-05 15:09:35"
"2166624";"2017-11-08 17:31:47";"2018-06-20 12:57:54"
"2166744";"2017-02-09 15:42:24";"2018-07-03 11:51:07"
"2167222";"2017-02-09 21:38:39";"2018-06-11 22:06:14"
"2169203";"2017-02-10 16:36:26";"2018-07-12 10:37:44"
"2177204";"2017-02-12 14:10:23";"2018-07-15 20:35:08"
"2183033";"2017-02-15 08:51:25";"2018-06-10 00:29:05"
"2184566";"2017-02-16 13:53:57";"2018-06-07 14:49:36"
"2185563";"2017-02-17 12:48:54";"2018-06-20 11:39:03"
"2190509";"2017-02-21 19:27:40";"2018-07-10 16:21:23"
"2191948";"2017-05-22 09:48:42";"2018-07-18 11:05:59"
"2192830";"2017-02-23 19:56:05";"2018-06-21 06:57:59"
"2196413";"2018-04-05 15:15:26";"2018-07-04 17:03:58"
"2197902";"2017-02-28 19:23:02";"2018-06-29 19:28:09"
"2200129";"2017-03-03 13:27:50";"2018-07-19 10:51:39"
"2200737";"2017-03-06 19:38:00";"2018-07-08 16:39:44"
"2202017";"2017-03-05 16:12:08";"2018-06-29 19:19:12"
"2205179";"2017-03-08 20:01:37";"2018-06-21 13:39:03"
"2209555";"2017-03-13 17:44:24";"2018-06-24 09:38:45"
"2210973";"2017-03-14 19:58:50";"2018-06-24 22:24:16"
"2211318";"2017-03-15 08:26:42";"2018-07-18 11:43:35"
"2211533";"2017-04-28 16:24:25";"2018-07-10 15:58:17"
"2212658";"2017-03-16 20:06:50";"2018-06-29 14:48:20"
"2212785";"2017-03-16 18:58:13";"2018-07-18 16:08:20"
"2213258";"2017-03-17 09:58:35";"2018-07-03 09:12:57"
"2215259";"2017-03-19 14:11:34";"2018-06-11 19:58:38"
"2215815";"2017-03-20 09:06:04";"2018-06-12 09:02:14"
"2218069";"2017-05-16 15:15:52";"2018-07-13 11:19:42"
"2218735";"2017-07-09 08:34:15";"2018-06-04 15:12:02"
"2222392";"2017-03-27 01:23:38";"2018-07-08 11:58:22"
"2234737";"2017-04-06 10:07:21";"2018-06-14 15:05:06"
"2234946";"2017-04-06 14:17:37";"2018-06-27 14:01:57"
"2236188";"2017-04-07 22:18:52";"2018-06-29 14:12:09"
"2240344";"2017-04-11 21:57:35";"2018-07-11 20:35:02"
"2241463";"2017-04-13 09:55:33";"2018-06-26 08:37:51"
"2241468";"2017-07-03 18:34:47";"2018-07-19 09:14:01"
"2245380";"2017-04-16 23:20:05";"2018-06-02 20:11:20"
"2246113";"2017-04-17 18:35:37";"2018-07-15 06:50:34"
"2246971";"2017-04-19 17:23:46";"2018-07-18 11:19:25"
"2248960";"2017-04-20 17:14:44";"2018-06-20 10:15:59"
"2251879";"2017-04-23 14:44:41";"2018-07-03 09:54:07"
"2253730";"2017-04-24 20:10:31";"2018-07-08 13:34:34"
"2259144";"2017-08-21 09:56:33";"2018-06-10 16:18:19"
"2259567";"2017-06-13 10:31:27";"2018-06-12 13:47:38"
"2260531";"2017-05-04 14:29:34";"2018-06-20 14:33:58"
"2261071";"2017-05-02 18:33:04";"2018-06-14 08:56:50"
"2261441";"2017-07-02 09:38:30";"2018-07-19 06:40:58"
"2261827";"2017-05-03 15:40:24";"2018-06-21 12:48:26"
"2268326";"2017-05-09 11:49:02";"2018-07-17 10:39:01"
"2270859";"2017-05-11 13:44:56";"2018-06-13 13:17:24"
"2271003";"2017-05-10 13:37:10";"2018-06-20 14:32:40"
"2271465";"2017-11-15 17:46:51";"2018-06-20 12:17:26"
"2272000";"2017-05-11 14:44:18";"2018-07-11 20:25:26"
"2272784";"2017-06-27 12:38:16";"2018-06-07 15:02:28"
"2273518";"2017-05-13 07:26:21";"2018-06-29 12:24:39"
"2276161";"2017-05-15 21:32:09";"2018-07-03 20:56:42"
"2277979";"2017-05-17 14:04:31";"2018-07-09 09:19:45"
"2278027";"2017-05-17 14:22:41";"2018-06-28 09:09:48"
"2278731";"2018-05-15 11:48:58";"2018-06-08 09:57:14"
"2279920";"2017-06-13 11:27:56";"2018-06-29 01:35:49"
"2282542";"2017-05-21 11:47:17";"2018-07-18 11:21:20"
"2283221";"2017-08-30 20:53:09";"2018-06-26 01:07:46"
"2283436";"2017-05-22 11:04:57";"2018-06-19 08:36:00"
"2283471";"2017-05-22 11:48:12";"2018-06-14 08:59:47"
"2285604";"2017-06-27 05:58:42";"2018-07-03 15:36:16"
"2286522";"2017-05-24 12:28:44";"2018-07-05 14:32:23"
"2288262";"2017-09-23 18:12:17";"2018-06-02 14:22:03"
"2289159";"2017-05-26 10:06:30";"2018-06-27 16:35:46"
"2290221";"2017-05-27 17:56:47";"2018-06-08 20:11:25"
"2290816";"2017-05-28 09:36:06";"2018-06-04 16:03:59"
"2291828";"2017-06-01 17:28:45";"2018-07-11 20:54:51"
"2292492";"2017-05-30 21:41:05";"2018-06-28 17:44:30"
"2292884";"2017-06-21 06:00:13";"2018-07-05 16:37:50"
"2293812";"2017-06-02 08:26:46";"2018-07-17 07:39:12"
"2295120";"2017-06-04 14:23:23";"2018-07-16 21:31:05"
"2295292";"2017-06-04 21:24:21";"2018-07-12 16:11:00"
"2295434";"2017-06-04 21:28:48";"2018-07-01 13:29:40"
"2295757";"2017-06-05 11:14:11";"2018-07-12 16:53:43"
"2297394";"2017-06-06 22:23:31";"2018-07-04 00:25:07"
"2298306";"2017-06-08 09:03:36";"2018-07-19 10:13:26"
"2298917";"2017-06-09 10:32:28";"2018-06-20 10:33:58"
"2298934";"2017-06-09 11:20:51";"2018-06-15 11:31:16"
"2299374";"2017-06-19 08:55:59";"2018-06-12 20:27:40"
"2299466";"2017-06-18 22:53:22";"2018-07-03 23:05:08"
"2300245";"2017-06-12 20:42:03";"2018-07-15 16:50:46"
"2300856";"2017-10-23 12:37:11";"2018-07-16 10:05:42"
"2301055";"2017-06-12 12:41:37";"2018-06-20 10:32:00"
"2301219";"2017-06-12 15:04:13";"2018-07-03 11:30:50"
"2301870";"2017-06-13 10:57:44";"2018-07-16 13:54:33"
"2302217";"2017-11-15 08:17:14";"2018-06-24 11:32:05"
"2302396";"2017-06-13 20:51:53";"2018-06-03 22:30:00"
"2303750";"2017-06-15 11:13:14";"2018-07-02 13:53:32"
"2303835";"2017-06-15 11:59:47";"2018-07-02 14:13:07"
"2304106";"2017-06-15 18:52:28";"2018-07-08 08:03:43"
"2304798";"2018-01-17 14:16:14";"2018-07-18 17:31:06"
"2307014";"2017-08-30 14:07:54";"2018-07-18 10:36:01"
"2307072";"2017-06-29 18:37:23";"2018-06-06 09:54:50"
"2307093";"2017-06-19 11:36:14";"2018-06-06 08:29:13"
"2308060";"2017-06-20 08:34:30";"2018-07-16 14:35:02"
"2310772";"2017-06-23 09:37:28";"2018-06-01 09:27:34"
"2313255";"2017-06-26 11:27:43";"2018-06-12 12:20:07"
"2313444";"2017-06-26 14:35:45";"2018-07-13 12:56:35"
"2314276";"2017-06-27 13:01:27";"2018-06-18 10:29:34"
"2315950";"2017-06-29 06:09:34";"2018-07-09 06:47:07"
"2316587";"2017-06-29 20:48:16";"2018-07-07 18:12:53"
"2318483";"2017-06-30 15:11:12";"2018-06-29 15:49:36"
"2319555";"2017-07-01 22:38:03";"2018-07-02 16:07:16"
"2319870";"2017-07-02 10:13:28";"2018-07-16 09:02:00"
"2320727";"2017-07-05 00:28:03";"2018-07-09 00:31:52"
"2321190";"2017-07-03 13:35:22";"2018-06-03 13:01:07"
"2321352";"2017-07-03 16:08:04";"2018-06-08 10:18:57"
"2327115";"2017-08-28 23:58:03";"2018-07-03 13:25:32"
"2328243";"2017-07-09 10:54:08";"2018-06-28 19:20:07"
"2329155";"2017-07-28 15:58:45";"2018-06-26 19:26:50"
"2329687";"2017-11-07 08:42:13";"2018-07-10 07:41:11"
"2330812";"2017-10-20 08:40:26";"2018-06-11 16:19:22"
"2330887";"2017-07-11 13:33:48";"2018-07-18 16:28:16"
"2330900";"2017-07-11 13:53:42";"2018-06-17 19:53:27"
"2333519";"2017-07-13 11:46:17";"2018-06-08 16:56:12"
"2334014";"2017-09-11 19:55:08";"2018-06-06 21:01:58"
"2334485";"2017-07-14 13:25:42";"2018-07-13 09:57:44"
"2336994";"2017-07-17 09:39:34";"2018-07-03 10:11:45"
"2337117";"2017-07-17 12:12:34";"2018-07-11 14:20:28"
"2339999";"2017-08-27 09:03:30";"2018-07-07 19:45:04"
"2341988";"2017-07-22 15:37:58";"2018-07-03 16:05:20"
"2342023";"2017-07-22 17:03:34";"2018-06-28 10:27:26"
"2342255";"2017-07-22 23:08:23";"2018-07-15 14:49:50"
"2343968";"2017-07-24 13:51:30";"2018-06-26 13:30:17"
"2345241";"2017-07-25 16:49:33";"2018-07-04 15:10:58"
"2352804";"2017-07-27 13:05:56";"2018-06-27 14:59:00"
"2353536";"2017-07-28 06:19:16";"2018-07-06 07:12:47"
"2353686";"2017-07-31 15:02:43";"2018-06-27 09:51:41"
"2354184";"2017-07-28 17:52:27";"2018-06-09 20:30:18"
"2354764";"2017-07-29 11:28:43";"2018-06-03 15:28:05"
"2355606";"2017-07-30 10:04:14";"2018-07-16 19:53:04"
"2356201";"2017-07-30 20:57:54";"2018-07-01 12:48:47"
"2356249";"2017-07-30 21:36:52";"2018-06-20 08:51:11"
"2356921";"2017-07-31 14:43:16";"2018-06-28 16:46:37"
"2359733";"2017-08-02 10:52:01";"2018-06-08 09:56:37"
"2359763";"2017-08-02 11:14:49";"2018-07-08 10:44:16"
"2360250";"2017-08-02 17:48:38";"2018-07-18 10:49:23"
"2360319";"2017-08-02 20:12:56";"2018-07-12 16:26:22"
"2361134";"2017-08-03 10:14:46";"2018-07-04 10:39:40"
"2362002";"2017-08-03 21:51:10";"2018-06-05 17:00:48"
"2362374";"2017-08-04 08:23:55";"2018-07-10 17:20:53"
"2362711";"2017-08-04 12:21:46";"2018-07-19 06:57:22"
"2363776";"2017-08-04 22:36:56";"2018-06-23 05:58:30"
"2364469";"2017-11-28 09:25:40";"2018-07-18 15:23:01"
"2366233";"2017-08-06 12:37:30";"2018-06-20 13:29:32"
"2367069";"2017-08-06 20:47:43";"2018-07-13 11:43:59"
"2370317";"2017-10-24 20:02:10";"2018-07-05 18:41:34"
"2370348";"2017-08-08 22:51:00";"2018-06-16 22:42:29"
"2371020";"2017-09-15 21:44:16";"2018-06-28 10:41:28"
"2371041";"2017-08-09 12:08:02";"2018-07-02 12:37:52"
"2372168";"2017-08-10 06:14:58";"2018-06-04 09:01:30"
"2372574";"2017-08-10 11:51:53";"2018-06-13 22:41:15"
"2377062";"2017-08-14 20:03:00";"2018-06-18 18:53:44"
"2377126";"2017-08-14 12:23:53";"2018-07-07 10:23:10"
"2377172";"2017-08-13 15:03:43";"2018-06-18 17:31:07"
"2377669";"2017-12-25 07:43:40";"2018-06-16 06:22:47"
"2379483";"2017-08-15 06:55:12";"2018-07-11 10:57:59"
"2379802";"2017-09-21 21:41:00";"2018-07-02 21:27:39"
"2379885";"2017-08-15 16:49:58";"2018-07-02 11:16:26"
"2380392";"2017-12-09 05:39:35";"2018-07-15 16:43:23"
"2382036";"2017-08-18 15:42:38";"2018-06-28 14:11:30"
"2382400";"2017-08-18 22:45:16";"2018-06-27 21:14:44"
"2382842";"2017-08-19 14:47:00";"2018-07-11 21:22:44"
"2383032";"2017-08-19 16:12:05";"2018-06-02 06:52:04"
"2385080";"2017-08-21 14:21:23";"2018-06-25 13:24:21"
"2385524";"2017-09-17 11:48:08";"2018-06-28 11:05:22"
"2385903";"2017-08-22 10:56:53";"2018-07-16 18:51:44"
"2386490";"2017-09-13 11:49:08";"2018-07-17 11:57:47"
"2386913";"2017-08-23 16:24:57";"2018-07-18 22:06:42"
"2387978";"2017-08-25 08:42:05";"2018-06-19 11:40:46"
"2388340";"2017-08-25 16:59:15";"2018-07-12 23:20:45"
"2388480";"2017-08-25 19:36:04";"2018-06-25 22:17:49"
"2389611";"2017-08-27 12:48:22";"2018-06-30 23:28:16"
"2389758";"2017-08-27 16:43:21";"2018-07-02 22:55:06"
"2390135";"2017-08-28 08:19:52";"2018-07-12 08:37:16"
"2391980";"2017-08-29 21:30:54";"2018-07-17 17:29:37"
"2394353";"2017-08-31 19:47:56";"2018-06-12 10:15:36"
"2396032";"2018-01-06 11:00:49";"2018-06-09 09:12:52"
"2396102";"2017-09-02 19:05:24";"2018-07-09 23:51:17"
"2396119";"2017-09-29 19:46:10";"2018-06-05 14:14:39"
"2396402";"2017-09-03 08:12:03";"2018-07-04 20:50:57"
"2396653";"2017-09-12 10:07:19";"2018-07-18 11:07:53"
"2396673";"2018-02-01 23:53:04";"2018-07-11 12:54:06"
"2397211";"2017-09-03 22:25:36";"2018-07-17 13:04:01"
"2397530";"2017-09-04 10:59:06";"2018-07-04 12:08:30"
"2398428";"2017-09-05 15:28:46";"2018-07-15 18:17:25"
"2398583";"2017-09-05 20:22:04";"2018-06-20 22:53:23"
"2398740";"2017-09-06 07:30:22";"2018-07-11 17:55:43"
"2399260";"2017-09-07 08:41:46";"2018-06-12 08:07:54"
"2399846";"2017-09-08 09:09:43";"2018-06-14 08:13:28"
"2400232";"2017-09-10 22:42:48";"2018-07-01 20:17:56"
"2400639";"2017-09-09 21:54:56";"2018-06-14 17:56:35"
"2401171";"2017-09-10 17:42:11";"2018-06-25 12:36:48"
"2401618";"2017-09-11 10:58:59";"2018-07-05 11:20:10"
"2402049";"2017-09-11 18:39:55";"2018-07-18 20:05:31"
"2402574";"2017-09-12 06:00:50";"2018-06-17 13:46:20"
"2402924";"2017-09-12 11:54:00";"2018-06-14 11:43:20"
"2404221";"2017-09-13 16:01:07";"2018-06-06 19:18:58"
"2409486";"2017-10-05 09:51:05";"2018-07-04 09:34:12"
"2411267";"2017-09-19 21:02:53";"2018-07-05 20:27:05"
"2411669";"2017-09-20 11:55:33";"2018-07-19 11:59:26"
"2412647";"2017-09-21 14:14:33";"2018-06-21 10:45:44"
"2413268";"2017-09-22 07:21:09";"2018-06-20 10:42:41"
"2413868";"2017-09-22 22:06:50";"2018-06-28 21:51:10"
"2413916";"2017-09-22 23:27:47";"2018-07-15 19:09:56"
"2414997";"2017-09-24 11:05:28";"2018-07-04 11:12:36"
"2415118";"2017-09-24 14:19:54";"2018-07-17 21:30:30"
"2417128";"2017-09-25 15:02:51";"2018-06-20 15:38:05"
"2417153";"2017-09-25 15:17:57";"2018-06-14 14:52:15"
"2418537";"2017-09-26 16:04:16";"2018-06-30 13:18:16"
"2419096";"2017-09-27 11:12:42";"2018-06-18 09:50:49"
"2419482";"2018-04-04 23:59:09";"2018-07-10 21:31:50"
"2419547";"2017-09-27 22:12:40";"2018-07-14 21:50:35"
"2421692";"2017-09-29 14:29:32";"2018-06-30 16:01:31"
"2421842";"2017-09-29 17:42:52";"2018-06-30 15:04:58"
"2423035";"2017-10-01 07:28:38";"2018-07-03 16:54:43"
"2423519";"2017-10-15 14:08:13";"2018-06-19 21:08:39"
"2423585";"2017-10-11 12:53:37";"2018-07-18 21:43:37"
"2423662";"2017-11-17 17:47:56";"2018-06-15 19:04:29"
"2425031";"2017-10-03 12:49:48";"2018-06-18 16:20:37"
"2427292";"2017-10-06 18:00:18";"2018-07-12 18:48:24"
"2431223";"2017-10-08 21:30:59";"2018-07-03 06:38:58"
"2431266";"2017-10-08 22:17:23";"2018-07-03 23:24:22"
"2432925";"2017-10-10 11:11:02";"2018-07-02 14:23:28"
"2433455";"2017-10-10 21:19:21";"2018-06-09 17:51:43"
"2433737";"2017-10-11 09:29:21";"2018-06-22 10:29:06"
"2433962";"2017-10-12 22:24:52";"2018-07-04 10:13:49"
"2435175";"2017-10-12 17:44:17";"2018-06-03 17:30:41"
"2439293";"2017-10-16 16:34:03";"2018-06-28 09:22:22"
"2439877";"2017-10-24 18:11:03";"2018-06-17 10:02:07"
"2441185";"2017-10-18 16:56:36";"2018-07-16 11:46:44"
"2443143";"2017-11-23 09:36:21";"2018-07-18 11:07:15"
"2443995";"2017-10-20 15:10:38";"2018-06-20 15:35:44"
"2444719";"2017-10-21 11:38:24";"2018-07-13 11:29:34"
"2444750";"2017-10-22 18:19:59";"2018-06-04 19:29:02"
"2446025";"2017-10-22 20:04:27";"2018-06-03 17:09:52"
"2447130";"2017-11-18 16:02:45";"2018-07-08 23:06:09"
"2448299";"2017-10-24 11:45:55";"2018-06-29 19:24:41"
"2448327";"2018-01-17 13:45:17";"2018-06-20 11:13:22"
"2448687";"2017-10-24 16:40:07";"2018-07-12 08:19:30"
"2448941";"2017-12-09 19:25:29";"2018-06-20 17:34:55"
"2449004";"2017-10-24 20:56:16";"2018-07-06 09:43:21"
"2449296";"2017-11-27 10:09:25";"2018-07-11 07:34:04"
"2449577";"2017-10-25 13:02:54";"2018-06-20 10:07:08"
"2449775";"2017-10-25 16:53:17";"2018-06-01 18:52:36"
"2450395";"2017-10-26 10:24:28";"2018-07-06 21:03:35"
"2450452";"2017-10-26 11:40:46";"2018-06-22 12:38:53"
"2451364";"2017-11-08 12:44:16";"2018-06-07 09:40:00"
"2451643";"2017-10-26 20:16:40";"2018-06-19 20:15:36"
"2452936";"2017-10-28 08:20:49";"2018-06-26 10:12:52"
"2453891";"2017-10-29 10:50:34";"2018-07-10 10:38:21"
"2453924";"2017-10-29 11:32:38";"2018-06-28 13:37:24"
"2457175";"2018-04-13 11:07:37";"2018-06-19 07:58:51"
"2457186";"2017-11-01 09:12:47";"2018-07-17 08:35:06"
"2457409";"2017-11-01 14:47:09";"2018-06-28 14:29:17"
"2457897";"2017-11-08 12:15:36";"2018-07-16 10:55:10"
"2457915";"2017-11-02 08:01:37";"2018-07-18 14:47:40"
"2458102";"2017-11-09 11:20:08";"2018-07-18 11:51:31"
"2458887";"2017-11-03 12:44:11";"2018-07-19 13:43:52"
"2459196";"2017-11-27 18:17:42";"2018-07-05 12:27:34"
"2459307";"2017-11-04 00:05:33";"2018-06-21 19:42:05"
"2462174";"2017-11-06 21:10:11";"2018-07-18 22:09:38"
"2462268";"2017-11-06 10:28:29";"2018-06-24 11:45:52"
"2462441";"2017-11-06 12:40:38";"2018-06-14 13:23:08"
"2463502";"2017-11-07 08:49:46";"2018-06-28 09:10:08"
"2463679";"2017-11-07 12:34:09";"2018-07-10 12:27:14"
"2464837";"2017-11-08 14:27:36";"2018-06-20 15:41:51"
"2465353";"2017-11-08 22:03:47";"2018-06-19 22:38:23"
"2465375";"2017-11-08 22:28:08";"2018-06-21 21:36:46"
"2467487";"2017-11-25 07:28:55";"2018-06-23 07:38:20"
"2467933";"2017-11-11 18:23:25";"2018-07-07 19:05:24"
"2468005";"2017-11-16 09:29:48";"2018-06-20 10:54:12"
"2469020";"2017-11-12 16:58:14";"2018-06-16 11:20:26"
"2469051";"2017-11-12 17:17:49";"2018-07-13 22:59:55"
"2469116";"2017-11-12 18:26:26";"2018-06-03 15:45:12"
"2471062";"2017-11-14 09:52:10";"2018-06-19 12:39:22"
"2471104";"2018-04-26 15:05:23";"2018-07-19 08:08:41"
"2471335";"2017-11-14 14:56:48";"2018-06-27 14:58:09"
"2471366";"2017-11-14 15:08:20";"2018-07-06 14:49:01"
"2471471";"2017-11-14 17:14:11";"2018-06-28 13:42:23"
"2471997";"2017-11-14 23:34:12";"2018-06-23 09:56:24"
"2472227";"2017-11-15 09:19:28";"2018-06-28 10:29:29"
"2472993";"2017-11-15 19:37:57";"2018-06-25 20:22:07"
"2473051";"2017-11-15 20:15:33";"2018-07-05 14:22:24"
"2476234";"2017-11-29 23:19:45";"2018-07-18 23:18:51"
"2477240";"2017-11-20 12:40:32";"2018-07-11 19:35:39"
"2477386";"2017-11-18 15:05:33";"2018-06-13 15:47:39"
"2479421";"2017-11-20 15:11:20";"2018-06-18 15:23:03"
"2479505";"2018-04-19 13:14:10";"2018-07-11 13:59:28"
"2479796";"2017-11-20 22:19:23";"2018-06-24 08:58:21"
"2480766";"2017-11-21 13:21:39";"2018-07-04 11:04:48"
"2480867";"2018-03-15 17:59:52";"2018-06-21 20:04:13"
"2480945";"2017-11-21 16:28:38";"2018-06-29 12:14:25"
"2481012";"2017-11-21 19:49:33";"2018-06-06 03:22:32"
"2482092";"2017-11-22 17:19:52";"2018-06-29 12:31:49"
"2482861";"2017-11-23 13:38:51";"2018-07-12 10:47:31"
"2483641";"2017-12-22 10:57:50";"2018-06-25 12:20:41"
"2484047";"2017-11-24 20:10:29";"2018-07-01 11:33:16"
"2484076";"2017-11-24 20:31:33";"2018-06-25 17:31:13"
"2485429";"2017-11-26 10:06:54";"2018-06-21 16:34:48"
"2485998";"2017-11-26 16:26:20";"2018-06-20 15:12:32"
"2486375";"2017-11-26 22:46:46";"2018-07-13 21:10:26"
"2486525";"2017-11-27 06:31:12";"2018-07-03 02:56:42"
"2486622";"2017-11-27 13:46:48";"2018-07-19 12:40:27"
"2488712";"2017-11-28 12:51:50";"2018-07-03 20:31:05"
"2488754";"2017-11-28 13:37:27";"2018-06-23 21:31:13"
"2488811";"2018-04-10 12:36:38";"2018-07-18 16:16:12"
"2489219";"2017-12-05 08:41:14";"2018-06-06 14:52:26"
"2490460";"2017-11-30 10:25:58";"2018-06-06 14:46:17"
"2491430";"2018-01-23 11:19:53";"2018-06-12 10:15:43"
"2491509";"2017-12-01 12:38:53";"2018-07-07 16:16:11"
"2492662";"2017-12-02 23:42:33";"2018-06-29 23:27:53"
"2493870";"2017-12-04 10:03:00";"2018-06-14 08:51:36"
"2495214";"2017-12-05 13:18:10";"2018-06-18 11:37:57"
"2495762";"2017-12-05 14:03:37";"2018-06-28 13:12:09"
"2495816";"2017-12-05 14:31:29";"2018-06-06 17:17:12"
"2495909";"2017-12-05 15:50:38";"2018-06-28 22:31:51"
"2496367";"2017-12-08 03:39:46";"2018-06-21 06:08:39"
"2497740";"2017-12-07 12:01:05";"2018-07-18 11:00:05"
"2498144";"2017-12-07 15:10:40";"2018-06-28 09:10:37"
"2498260";"2017-12-20 19:41:23";"2018-07-17 17:52:32"
"2498851";"2017-12-08 11:55:47";"2018-06-22 11:32:07"
"2499002";"2017-12-08 14:52:59";"2018-06-12 11:06:33"
"2499020";"2017-12-08 15:17:36";"2018-07-12 20:03:41"
"2503673";"2017-12-12 12:45:12";"2018-06-15 09:36:10"
"2503871";"2017-12-12 14:08:40";"2018-07-12 14:33:56"
"2504031";"2017-12-12 17:57:48";"2018-07-18 13:21:25"
"2504790";"2017-12-13 14:10:55";"2018-06-05 12:49:37"
"2506286";"2017-12-14 22:15:52";"2018-07-01 09:11:38"
"2506641";"2017-12-15 14:07:08";"2018-06-21 08:12:15"
"2508132";"2017-12-17 12:49:52";"2018-07-05 10:18:42"
"2509561";"2017-12-19 07:00:26";"2018-06-15 21:18:51"
"2513614";"2018-02-22 08:31:23";"2018-07-06 11:31:07"
"2514206";"2018-01-27 09:44:16";"2018-06-16 03:03:35"
"2516224";"2017-12-25 12:39:51";"2018-07-09 16:45:10"
"2516674";"2018-02-16 10:00:42";"2018-07-07 19:50:15"
"2517298";"2017-12-26 14:11:52";"2018-07-09 18:57:14"
"2517390";"2017-12-26 16:29:31";"2018-07-10 11:39:31"
"2517891";"2017-12-27 08:27:08";"2018-07-05 18:16:00"
"2519801";"2017-12-29 14:30:21";"2018-07-15 13:34:13"
"2519927";"2017-12-29 17:54:26";"2018-06-16 11:27:50"
"2520616";"2018-01-16 19:19:10";"2018-06-24 15:10:58"
"2520639";"2017-12-30 16:35:15";"2018-07-15 20:23:16"
"2521044";"2018-01-10 21:34:50";"2018-07-18 10:42:17"
"2521128";"2017-12-31 11:41:17";"2018-07-09 08:03:05"
"2521367";"2017-12-31 19:02:03";"2018-06-06 20:06:46"
"2521871";"2018-01-01 15:19:21";"2018-07-10 14:36:47"
"2522963";"2018-04-11 21:20:47";"2018-07-18 11:52:31"
"2523195";"2018-01-02 14:40:33";"2018-07-08 13:01:02"
"2523376";"2018-05-18 11:12:45";"2018-06-01 11:11:37"
"2524341";"2018-01-03 14:45:06";"2018-07-08 21:42:37"
"2525061";"2018-03-22 12:36:45";"2018-07-07 13:29:51"
"2525243";"2018-01-04 11:26:27";"2018-07-15 15:26:34"
"2525458";"2018-01-04 14:53:40";"2018-07-19 13:15:11"
"2525533";"2018-01-05 13:49:50";"2018-06-22 09:56:45"
"2525600";"2018-01-14 13:51:44";"2018-07-03 20:52:46"
"2525611";"2018-01-04 18:10:45";"2018-06-05 22:47:54"
"2525676";"2018-01-04 19:33:08";"2018-06-24 22:24:58"
"2525701";"2018-01-04 20:00:52";"2018-07-18 21:57:31"
"2526035";"2018-01-05 04:19:34";"2018-06-02 05:01:31"
"2526308";"2018-01-30 15:20:37";"2018-06-20 11:20:03"
"2529202";"2018-01-07 00:24:36";"2018-06-24 10:46:46"
"2530908";"2018-03-02 09:05:47";"2018-06-28 12:11:53"
"2531529";"2018-01-08 22:39:51";"2018-07-18 14:32:35"
"2531557";"2018-01-08 23:07:19";"2018-07-12 23:27:25"
"2531877";"2018-01-09 11:25:07";"2018-06-08 09:45:59"
"2532231";"2018-02-26 20:11:38";"2018-07-11 06:57:54"
"2533063";"2018-01-10 16:58:28";"2018-07-05 07:57:14"
"2533232";"2018-01-10 20:39:41";"2018-06-07 21:43:25"
"2534317";"2018-01-19 14:41:34";"2018-07-18 12:12:29"
"2534917";"2018-01-12 21:39:36";"2018-07-14 11:17:35"
"2535039";"2018-03-01 20:40:45";"2018-06-13 00:25:41"
"2535384";"2018-04-11 16:31:00";"2018-07-19 09:33:22"
"2535889";"2018-01-25 04:29:15";"2018-07-16 09:00:50"
"2535975";"2018-01-28 20:29:04";"2018-07-04 20:21:40"
"2536808";"2018-03-24 20:42:50";"2018-07-08 16:18:57"
"2536850";"2018-01-15 07:37:08";"2018-07-17 13:30:13"
"2537296";"2018-02-21 16:14:07";"2018-07-19 13:15:16"
"2538301";"2018-01-21 17:33:15";"2018-06-18 03:32:00"
"2538756";"2018-01-16 16:27:04";"2018-07-09 08:44:08"
"2539601";"2018-01-17 12:17:36";"2018-07-02 18:40:00"
"2539677";"2018-01-17 12:45:58";"2018-07-18 10:01:40"
"2539730";"2018-01-17 13:13:57";"2018-06-21 06:24:11"
"2539896";"2018-01-17 14:46:42";"2018-06-24 08:09:20"
"2542369";"2018-01-19 12:59:28";"2018-06-23 16:40:27"
"2543919";"2018-01-20 18:29:21";"2018-06-26 13:13:04"
"2544645";"2018-01-21 07:47:42";"2018-06-16 06:56:13"
"2545283";"2018-01-21 17:49:58";"2018-07-01 21:05:06"
"2546163";"2018-01-22 17:39:06";"2018-07-17 23:45:57"
"2546255";"2018-01-22 19:50:54";"2018-07-12 17:15:18"
"2547149";"2018-01-23 21:10:50";"2018-07-04 17:07:46"
"2547490";"2018-01-24 10:50:31";"2018-06-21 16:45:17"
"2551330";"2018-01-28 08:26:23";"2018-06-27 08:18:56"
"2551624";"2018-01-28 15:59:36";"2018-07-12 22:44:37"
"2551652";"2018-03-18 09:09:20";"2018-07-14 20:59:06"
"2551702";"2018-02-19 20:20:55";"2018-06-11 11:47:19"
"2552375";"2018-01-29 14:47:43";"2018-06-13 13:40:25"
"2553962";"2018-01-30 20:01:39";"2018-06-11 16:58:47"
"2554486";"2018-01-31 12:37:19";"2018-06-18 08:58:54"
"2555109";"2018-02-01 09:06:40";"2018-06-10 23:25:01"
"2555315";"2018-02-01 13:40:01";"2018-07-19 12:38:32"
"2555435";"2018-02-01 15:58:24";"2018-07-16 11:47:31"
"2555767";"2018-02-01 21:19:56";"2018-06-03 21:02:41"
"2559617";"2018-02-04 10:19:53";"2018-06-02 19:57:57"
"2559634";"2018-02-04 10:44:34";"2018-07-06 10:14:46"
"2562739";"2018-02-07 00:54:43";"2018-06-28 00:50:59"
"2563011";"2018-02-21 17:03:01";"2018-07-19 14:50:35"
"2563068";"2018-02-07 11:11:10";"2018-07-02 11:25:39"
"2565192";"2018-02-12 11:16:27";"2018-07-19 14:02:42"
"2565446";"2018-02-23 14:37:35";"2018-06-13 14:01:19"
"2565669";"2018-02-09 21:30:13";"2018-07-09 21:02:34"
"2566892";"2018-02-11 02:36:17";"2018-07-12 15:25:38"
"2568389";"2018-02-11 19:55:35";"2018-07-04 12:29:59"
"2570455";"2018-02-13 11:55:48";"2018-07-17 13:37:23"
"2571482";"2018-02-14 12:53:17";"2018-07-11 09:24:55"
"2573219";"2018-04-09 10:34:51";"2018-07-18 08:39:28"
"2573492";"2018-02-15 13:06:50";"2018-07-12 08:56:14"
"2573717";"2018-02-15 16:22:23";"2018-06-14 19:49:08"
"2573877";"2018-03-30 12:14:49";"2018-06-02 21:49:30"
"2574216";"2018-02-16 08:39:28";"2018-06-14 15:33:40"
"2574662";"2018-03-14 08:06:58";"2018-06-03 16:18:03"
"2575144";"2018-02-17 10:41:54";"2018-06-21 22:21:03"
"2575997";"2018-03-21 20:28:03";"2018-06-07 11:08:51"
"2576732";"2018-02-18 12:58:17";"2018-06-22 16:17:31"
"2577896";"2018-02-19 16:20:07";"2018-07-08 08:20:16"
"2578406";"2018-02-25 17:39:27";"2018-07-02 16:00:32"
"2579300";"2018-02-21 09:03:18";"2018-06-27 20:42:28"
"2579860";"2018-02-21 17:13:07";"2018-07-18 22:39:38"
"2580525";"2018-02-22 08:35:14";"2018-06-28 08:05:21"
"2580631";"2018-04-01 20:43:15";"2018-07-16 15:06:38"
"2581724";"2018-02-23 10:40:57";"2018-06-16 22:51:18"
"2581774";"2018-02-23 11:41:24";"2018-07-13 00:39:47"
"2582301";"2018-02-23 21:51:51";"2018-06-21 23:18:22"
"2582972";"2018-02-24 18:40:23";"2018-06-28 10:12:14"
"2583534";"2018-02-25 11:04:39";"2018-06-28 17:16:22"
"2584826";"2018-02-26 08:58:21";"2018-06-18 09:30:21"
"2584932";"2018-02-26 10:54:46";"2018-06-28 16:30:16"
"2585055";"2018-02-26 12:57:48";"2018-07-03 00:11:32"
"2587169";"2018-02-27 08:35:07";"2018-07-02 10:17:20"
"2587249";"2018-02-27 14:51:33";"2018-07-03 18:47:40"
"2587375";"2018-02-27 11:50:14";"2018-06-27 09:59:07"
"2587924";"2018-02-27 16:57:26";"2018-06-20 13:00:47"
"2588194";"2018-03-03 09:35:58";"2018-07-03 05:37:51"
"2588199";"2018-02-27 23:09:47";"2018-07-01 11:36:38"
"2588694";"2018-03-01 14:55:13";"2018-07-12 09:05:49"
"2588779";"2018-02-28 14:24:19";"2018-07-19 14:27:25"
"2589248";"2018-02-28 23:34:45";"2018-07-14 18:40:59"
"2589334";"2018-03-24 13:58:59";"2018-07-19 13:01:17"
"2589383";"2018-03-01 09:26:33";"2018-07-18 16:05:38"
"2589429";"2018-03-12 13:40:52";"2018-06-29 13:59:15"
"2589441";"2018-03-01 10:43:59";"2018-07-18 13:29:33"
"2589579";"2018-03-01 12:41:08";"2018-07-19 13:47:18"
"2589635";"2018-03-03 08:44:14";"2018-06-07 22:30:33"
"2590255";"2018-03-02 06:02:56";"2018-06-30 01:02:32"
"2590339";"2018-03-02 08:50:38";"2018-06-30 16:25:45"
"2590469";"2018-03-02 10:45:38";"2018-07-19 10:53:04"
"2590539";"2018-03-02 12:02:51";"2018-06-21 07:24:29"
"2590637";"2018-03-12 08:51:01";"2018-07-02 10:13:34"
"2591166";"2018-03-02 22:58:32";"2018-07-02 13:30:56"
"2591493";"2018-03-03 10:31:11";"2018-06-17 10:57:15"
"2591863";"2018-03-03 19:11:41";"2018-06-09 11:41:52"
"2592541";"2018-03-04 09:06:40";"2018-06-20 16:43:27"
"2592808";"2018-03-04 15:06:14";"2018-06-15 10:36:31"
"2592955";"2018-03-04 17:12:22";"2018-06-13 06:33:32"
"2593083";"2018-03-21 19:54:12";"2018-06-25 21:17:08"
"2594450";"2018-03-06 08:46:59";"2018-07-03 17:28:05"
"2594746";"2018-03-06 13:51:19";"2018-06-20 23:30:50"
"2595013";"2018-03-06 19:12:37";"2018-06-04 21:12:59"
"2595341";"2018-03-07 08:53:16";"2018-06-29 08:57:26"
"2596264";"2018-03-07 19:27:18";"2018-06-23 14:11:45"
"2596341";"2018-03-07 20:47:06";"2018-07-18 20:02:59"
"2597102";"2018-03-08 19:36:12";"2018-07-18 19:21:30"
"2599098";"2018-05-11 08:49:45";"2018-06-17 11:49:09"
"2599642";"2018-03-26 06:45:12";"2018-06-10 17:16:14"
"2602174";"2018-03-13 09:24:35";"2018-07-11 18:07:34"
"2602369";"2018-03-13 13:07:53";"2018-07-10 12:42:11"
"2602370";"2018-03-22 14:02:13";"2018-06-09 08:56:22"
"2602885";"2018-03-13 21:02:57";"2018-07-14 19:56:13"
"2603280";"2018-03-14 09:41:36";"2018-06-21 12:13:48"
"2604168";"2018-03-15 08:48:17";"2018-07-19 09:49:12"
"2604328";"2018-03-15 11:26:00";"2018-06-25 08:33:04"
"2604507";"2018-03-26 15:22:49";"2018-07-12 09:56:09"
"2605015";"2018-03-16 08:04:34";"2018-07-17 20:16:14"
"2605344";"2018-03-16 15:30:11";"2018-07-18 19:14:10"
"2606030";"2018-03-17 11:40:30";"2018-07-07 22:58:26"
"2608239";"2018-05-07 07:34:38";"2018-06-01 10:52:12"
"2608262";"2018-03-19 15:01:19";"2018-06-18 10:18:17"
"2608334";"2018-03-19 15:59:18";"2018-07-15 18:39:31"
"2608844";"2018-03-20 07:58:55";"2018-06-05 07:00:38"
"2608939";"2018-03-20 10:13:44";"2018-06-04 10:18:08"
"2611335";"2018-03-22 14:34:08";"2018-06-25 17:28:55"
"2611470";"2018-03-22 16:35:51";"2018-07-06 18:33:20"
"2612388";"2018-03-23 09:07:25";"2018-07-13 22:07:09"
"2612591";"2018-03-23 12:34:03";"2018-07-02 22:08:10"
"2613242";"2018-03-23 21:12:54";"2018-06-12 22:26:34"
"2614448";"2018-03-24 17:45:26";"2018-06-03 15:15:47"
"2614462";"2018-03-24 18:04:34";"2018-07-17 21:57:48"
"2614505";"2018-03-24 18:42:40";"2018-07-06 09:55:17"
"2614770";"2018-03-24 22:51:19";"2018-07-14 08:29:37"
"2614955";"2018-04-22 06:50:16";"2018-07-10 12:44:58"
"2615796";"2018-03-25 22:47:52";"2018-06-20 22:02:29"
"2616739";"2018-03-26 21:22:30";"2018-06-29 10:53:55"
"2616742";"2018-03-26 21:28:53";"2018-07-12 20:19:24"
"2619216";"2018-03-28 11:38:54";"2018-07-16 09:21:19"
"2619229";"2018-04-19 08:36:30";"2018-07-08 15:37:51"
"2619368";"2018-05-16 16:28:55";"2018-06-21 16:17:57"
"2619494";"2018-03-28 20:36:53";"2018-06-22 18:40:50"
"2619687";"2018-03-29 09:48:18";"2018-07-18 15:01:38"
"2620003";"2018-03-29 23:43:15";"2018-06-14 21:42:10"
"2620020";"2018-03-30 00:54:10";"2018-06-17 00:22:53"
"2620597";"2018-03-31 13:19:55";"2018-07-11 14:07:34"
"2620877";"2018-04-01 01:35:56";"2018-07-05 08:51:52"
"2621313";"2018-04-01 13:03:38";"2018-07-15 12:39:24"
"2621735";"2018-04-02 10:26:52";"2018-06-24 10:09:56"
"2622424";"2018-04-03 11:07:42";"2018-06-04 07:31:44"
"2622481";"2018-04-03 13:17:55";"2018-07-13 13:45:30"
"2622814";"2018-04-03 23:17:41";"2018-06-29 14:10:34"
"2622931";"2018-04-04 05:57:28";"2018-07-16 12:42:08"
"2623439";"2018-04-04 21:15:49";"2018-06-28 17:54:47"
"2623470";"2018-04-04 22:17:42";"2018-07-09 18:32:54"
"2623681";"2018-04-05 12:02:46";"2018-07-10 10:31:45"
"2623725";"2018-04-05 13:52:47";"2018-07-13 14:12:23"
"2623863";"2018-04-08 13:26:32";"2018-06-02 00:12:18"
"2624243";"2018-04-06 13:21:31";"2018-07-17 17:31:33"
"2625638";"2018-04-08 19:06:44";"2018-07-06 16:09:52"
"2625680";"2018-04-08 20:41:54";"2018-07-13 20:01:07"
"2626004";"2018-04-23 17:27:05";"2018-06-11 12:17:50"
"2626047";"2018-04-09 10:41:06";"2018-06-28 09:11:00"
"2626118";"2018-04-09 11:16:11";"2018-07-10 13:10:37"
"2626185";"2018-05-18 11:06:34";"2018-06-29 07:11:05"
"2626388";"2018-04-09 14:36:06";"2018-07-05 17:34:00"
"2628046";"2018-04-10 18:07:15";"2018-06-15 11:45:58"
"2628149";"2018-04-10 21:10:26";"2018-06-21 21:28:42"
"2628322";"2018-04-11 07:18:49";"2018-06-11 08:15:32"
"2628327";"2018-05-22 07:34:42";"2018-07-17 14:04:35"
"2628330";"2018-04-28 10:00:33";"2018-06-15 19:55:23"
"2628350";"2018-04-11 08:33:20";"2018-06-27 12:31:00"
"2628522";"2018-04-11 13:52:46";"2018-06-13 15:55:00"
"2628540";"2018-04-11 14:22:34";"2018-07-17 09:45:00"
"2629972";"2018-04-12 06:00:28";"2018-06-26 16:05:33"
"2630199";"2018-04-12 12:35:53";"2018-06-28 10:06:57"
"2630344";"2018-04-24 14:15:37";"2018-06-07 15:10:13"
"2630668";"2018-04-13 03:14:57";"2018-06-28 22:56:41"
"2631347";"2018-05-11 12:26:12";"2018-07-07 15:40:29"
"2632050";"2018-05-10 19:28:36";"2018-07-12 11:22:35"
"2632066";"2018-04-15 11:40:14";"2018-07-08 21:17:08"
"2632118";"2018-04-15 12:44:57";"2018-07-19 07:18:13"
"2632694";"2018-04-16 13:46:53";"2018-07-10 19:49:08"
"2633725";"2018-04-17 22:50:35";"2018-06-24 23:02:40"
"2633873";"2018-04-18 09:55:11";"2018-06-11 09:17:11"
"2633927";"2018-04-18 11:47:57";"2018-06-15 13:23:35"
"2633928";"2018-04-18 11:52:04";"2018-06-21 17:41:06"
"2633940";"2018-04-18 12:12:49";"2018-06-11 11:31:20"
"2633985";"2018-04-18 13:34:07";"2018-07-17 09:15:19"
"2634042";"2018-04-18 15:31:09";"2018-06-25 23:48:39"
"2634186";"2018-04-18 20:04:06";"2018-07-18 19:02:45"
"2634208";"2018-04-18 20:46:14";"2018-07-04 17:33:17"
"2634377";"2018-04-18 23:17:49";"2018-07-09 21:26:15"
"2634501";"2018-04-19 10:08:36";"2018-06-05 09:27:57"
"2634820";"2018-04-19 21:04:07";"2018-07-09 11:46:19"
"2635213";"2018-04-20 16:53:16";"2018-06-09 20:39:33"
"2635414";"2018-05-02 22:06:44";"2018-06-28 20:39:44"
"2635561";"2018-04-21 08:18:23";"2018-07-18 22:02:50"
"2637978";"2018-04-23 17:26:55";"2018-06-17 18:19:52"
"2638505";"2018-04-24 09:33:34";"2018-06-20 19:53:10"
"2638940";"2018-04-24 16:03:11";"2018-06-17 16:43:03"
"2639267";"2018-04-25 09:00:29";"2018-07-10 21:26:56"
"2639309";"2018-04-25 10:36:46";"2018-07-12 13:59:45"
"2639764";"2018-04-26 08:07:02";"2018-06-20 08:07:22"
"2639790";"2018-04-26 14:08:22";"2018-06-27 18:01:01"
"2640013";"2018-04-26 12:28:03";"2018-06-28 11:40:22"
"2640041";"2018-04-26 12:54:43";"2018-06-28 09:17:30"
"2640214";"2018-04-26 16:03:54";"2018-06-17 15:46:07"
"2640733";"2018-04-27 12:25:29";"2018-07-11 14:26:31"
"2640999";"2018-04-28 01:37:00";"2018-07-15 23:13:12"
"2641145";"2018-04-28 07:54:26";"2018-06-14 16:02:00"
"2641356";"2018-04-28 18:52:39";"2018-06-20 19:54:23"
"2641393";"2018-04-28 20:42:03";"2018-06-10 07:33:09"
"2642246";"2018-04-30 10:04:30";"2018-07-05 20:19:03"
"2642287";"2018-04-30 12:04:29";"2018-06-27 10:10:36"
"2642423";"2018-04-30 14:58:48";"2018-06-10 17:29:34"
"2642538";"2018-05-20 17:08:57";"2018-06-15 16:16:47"
"2643053";"2018-05-01 17:53:05";"2018-06-05 16:23:19"
"2643436";"2018-05-02 10:31:04";"2018-06-13 11:06:10"
"2643560";"2018-05-02 13:48:33";"2018-07-11 09:36:13"
"2643931";"2018-05-02 22:32:42";"2018-06-04 21:59:13"
"2644046";"2018-05-15 10:18:55";"2018-07-18 09:44:38"
"2644155";"2018-05-03 11:07:58";"2018-07-02 12:19:00"
"2644814";"2018-05-04 08:50:17";"2018-06-18 08:56:53"
"2644857";"2018-05-04 10:13:33";"2018-06-21 09:19:10"
"2644861";"2018-05-04 10:25:27";"2018-06-15 15:38:19"
"2645016";"2018-05-06 11:25:09";"2018-06-23 19:14:46"
"2645106";"2018-05-24 10:59:44";"2018-06-30 14:00:51"
"2645615";"2018-05-05 15:34:32";"2018-07-16 01:03:41"
"2645843";"2018-05-05 21:46:52";"2018-07-01 19:33:17"
"2646082";"2018-05-06 08:15:15";"2018-07-08 10:05:49"
"2646133";"2018-05-06 09:31:27";"2018-06-14 15:52:59"
"2646180";"2018-05-06 10:53:25";"2018-06-03 16:20:23"
"2646639";"2018-05-06 20:24:37";"2018-07-13 17:23:30"
"2646799";"2018-05-07 03:05:31";"2018-06-15 02:48:26"
"2646859";"2018-05-24 08:44:06";"2018-07-14 22:33:35"
"2646931";"2018-05-07 09:19:09";"2018-07-02 14:30:32"
"2647023";"2018-05-07 10:38:11";"2018-06-29 16:37:29"
"2647082";"2018-05-31 12:46:55";"2018-07-09 09:38:58"
"2647213";"2018-05-07 16:09:01";"2018-06-08 10:37:12"
"2647240";"2018-05-07 17:07:25";"2018-06-26 15:20:43"
"2647584";"2018-05-08 05:36:17";"2018-06-24 08:48:03"
"2648200";"2018-05-08 12:13:42";"2018-07-16 21:36:59"
"2648681";"2018-05-09 11:11:01";"2018-07-13 12:58:28"
"2648840";"2018-05-08 22:02:53";"2018-07-15 08:52:50"
"2648945";"2018-05-08 23:39:11";"2018-07-01 23:16:44"
"2649083";"2018-05-09 08:45:16";"2018-06-15 08:33:48"
"2649247";"2018-05-09 12:52:59";"2018-06-25 10:35:52"
"2649398";"2018-05-09 16:22:16";"2018-07-02 08:25:50"
"2649415";"2018-05-09 16:40:18";"2018-06-10 15:12:44"
"2649445";"2018-05-09 17:34:59";"2018-06-23 12:28:13"
"2649608";"2018-05-09 21:44:53";"2018-06-11 17:17:26"
"2649646";"2018-05-09 23:09:49";"2018-06-01 17:04:15"
"2650124";"2018-05-10 15:50:20";"2018-06-28 18:37:10"
"2650356";"2018-05-11 22:05:46";"2018-06-13 18:14:59"
"2650368";"2018-05-10 21:40:35";"2018-07-17 16:06:43"
"2650586";"2018-05-11 09:44:41";"2018-06-12 14:34:31"
"2650727";"2018-05-11 15:31:27";"2018-07-04 16:29:39"
"2650995";"2018-05-11 20:56:10";"2018-06-27 17:19:26"
"2651018";"2018-05-11 21:17:38";"2018-06-10 17:10:48"
"2651133";"2018-05-20 09:45:22";"2018-07-15 14:44:25"
"2651604";"2018-05-24 21:33:13";"2018-06-01 20:32:50"
"2651920";"2018-05-13 06:16:20";"2018-07-12 11:07:24"
"2652366";"2018-05-13 09:31:32";"2018-07-04 09:26:49"
"2652516";"2018-05-13 15:09:35";"2018-06-30 11:33:32"
"2652663";"2018-05-13 18:30:56";"2018-07-13 19:18:11"
"2652840";"2018-05-13 23:00:13";"2018-06-17 12:00:38"
"2653253";"2018-05-31 10:51:46";"2018-07-11 06:47:10"
"2653288";"2018-05-14 17:32:57";"2018-06-13 19:36:48"
"2653294";"2018-05-14 17:42:12";"2018-07-09 14:28:54"
"2653344";"2018-05-14 19:14:09";"2018-07-18 17:58:45"
"2653811";"2018-05-15 09:46:04";"2018-06-28 09:33:29"
"2653853";"2018-05-31 15:18:33";"2018-07-12 09:12:00"
"2653961";"2018-05-15 13:26:18";"2018-06-23 12:59:17"
"2653981";"2018-05-15 13:50:36";"2018-06-28 08:55:06"
"2653985";"2018-05-15 13:54:05";"2018-07-11 13:23:37"
"2654005";"2018-05-15 14:33:48";"2018-07-11 13:54:43"
"2654379";"2018-05-15 23:08:17";"2018-07-03 09:18:05"
"2654712";"2018-05-16 12:29:50";"2018-07-11 22:06:23"
"2654800";"2018-05-16 14:30:46";"2018-06-06 14:15:05"
"2654911";"2018-05-16 16:41:38";"2018-06-07 10:09:09"
"2655029";"2018-05-16 19:59:58";"2018-07-05 23:30:35"
"2655226";"2018-05-17 08:34:18";"2018-06-15 12:50:01"
"2655285";"2018-05-20 13:47:51";"2018-06-23 08:22:30"
"2655373";"2018-05-17 13:14:53";"2018-06-01 17:59:06"
"2655424";"2018-05-17 14:38:31";"2018-06-19 11:01:55"
"2655611";"2018-05-17 19:53:02";"2018-06-09 20:53:43"
"2655677";"2018-05-17 22:11:49";"2018-06-18 21:03:49"
"2656162";"2018-05-18 22:37:13";"2018-07-02 22:15:43"
"2656690";"2018-05-19 22:44:22";"2018-07-02 06:38:27"
"2656750";"2018-05-20 07:02:46";"2018-07-09 09:51:16"
"2657033";"2018-05-20 17:54:43";"2018-06-29 12:58:04"
"2657192";"2018-05-20 21:43:24";"2018-07-19 14:23:23"
"2657427";"2018-05-21 10:11:22";"2018-07-17 09:26:45"
"2657483";"2018-05-21 12:02:28";"2018-06-25 16:31:34"
"2657504";"2018-05-21 12:38:16";"2018-06-08 12:41:22"
"2657659";"2018-05-21 16:06:16";"2018-07-19 14:39:58"
"2657807";"2018-05-21 20:38:56";"2018-06-09 21:27:53"
"2658574";"2018-05-22 11:20:50";"2018-06-01 13:21:30"
"2658576";"2018-05-22 11:24:10";"2018-06-06 11:28:50"
"2658628";"2018-05-22 12:32:13";"2018-06-27 09:19:59"
"2658919";"2018-05-22 19:01:56";"2018-06-26 19:21:54"
"2658980";"2018-05-22 20:25:44";"2018-06-05 10:36:46"
"2659009";"2018-05-22 21:12:30";"2018-06-13 20:38:14"
"2660692";"2018-05-24 11:59:09";"2018-06-25 14:42:21"
"2661298";"2018-05-24 21:20:59";"2018-06-07 21:48:51"
"2661485";"2018-05-26 17:13:56";"2018-06-18 22:58:11"
"2661496";"2018-05-25 08:39:22";"2018-06-15 07:58:35"
"2661552";"2018-05-25 10:22:45";"2018-06-04 10:24:05"
"2661633";"2018-05-29 23:31:08";"2018-07-17 01:34:35"
"2661703";"2018-05-25 14:14:17";"2018-07-03 15:20:02"
"2661877";"2018-05-25 22:08:00";"2018-07-01 19:54:20"
"2661922";"2018-05-25 21:42:10";"2018-06-07 20:39:35"
"2662132";"2018-05-26 13:41:07";"2018-06-09 22:30:30"
"2662167";"2018-05-26 14:15:19";"2018-06-28 19:33:13"
"2662339";"2018-05-26 20:16:48";"2018-07-13 21:21:23"
"2662997";"2018-05-27 15:46:43";"2018-06-12 11:20:12"
"2663122";"2018-05-27 19:37:42";"2018-06-13 23:08:53"
"2663208";"2018-05-27 21:56:34";"2018-06-05 21:17:50"
"2664092";"2018-05-28 17:02:05";"2018-06-23 19:23:59"
"2664306";"2018-05-28 23:27:54";"2018-06-14 21:08:06"
"2664317";"2018-05-29 00:28:11";"2018-06-02 16:12:35"
"2664433";"2018-05-29 07:40:04";"2018-06-06 07:58:45"
"2664522";"2018-05-29 10:57:47";"2018-06-05 13:55:25"
"2664557";"2018-05-29 12:25:40";"2018-06-05 14:29:08"
"2664647";"2018-05-29 15:00:08";"2018-06-19 08:53:03"
"2664770";"2018-05-29 19:41:42";"2018-07-02 23:24:34"
"2664952";"2018-05-30 10:45:45";"2018-06-04 20:31:12"
"2664978";"2018-05-30 09:27:08";"2018-07-03 10:20:41"
"2665206";"2018-05-30 15:12:44";"2018-06-03 16:19:46"
"2665258";"2018-05-30 17:20:57";"2018-06-04 21:20:53"
"2665704";"2018-05-31 11:34:36";"2018-07-06 16:19:55"
"2665709";"2018-05-31 11:56:38";"2018-07-12 08:30:09"
"2665726";"2018-05-31 12:34:00";"2018-06-07 17:07:39"
"2665752";"2018-05-31 12:39:39";"2018-06-26 13:33:49"
"2665912";"2018-05-31 18:09:35";"2018-06-26 19:37:52"
"2666047";"2018-05-31 23:00:01";"2018-06-01 16:35:15"
